chapter,title,image
Chapter 72,The Terminally Ill Young Master of the Baek Clan,image_1.jpg
Chapter 5,S-Class Butler,image_2.jpg
Chapter 12,Love Letter,image_3.jpg
Chapter 29,Rise of the Sect Master,image_4.jpg
Chapter 22,The Guild's Strongest Receptionist,image_5.jpg
Chapter 48,Asura (manhwa),image_6.jpg
Chapter 171,The Way That Knight Lives As a Lady,image_7.jpg
Chapter 32,The Genius Mage Who Uses His Fists,image_8.jpg
Chapter 82,Gatekeeper Of The Boundless World,image_9.jpg
Chapter 30,Is a Mother in Her 30s Like Me Alright?,image_10.jpg
Chapter 15.2,Seventh,image_11.jpg
Chapter 162,Slave of the Magic Capital's Elite Troops,image_12.jpg
Chapter 52,Snake Ancestor,image_13.jpg
Chapter 189,Astral Pet Store,image_14.jpg
Chapter 544,Starting From Today I'll Work As A City Lord,image_15.jpg
Chapter 26,Tyrant of the Otherworld Prison: My Shadow Can Evolve Infinitely,image_16.jpg
Chapter 6,Awakening the Purple Thunder at the Beginning,image_17.jpg
Chapter 71,Ore ga Watashi ni Naru made,image_18.jpg
Chapter 215,Return to Player,image_19.jpg
Chapter 110,Dead account,image_20.jpg
Chapter 248,Apex Future Martial Arts,image_21.jpg
Chapter 45,"It's voice phishing, but it's a life reversal",image_22.jpg
Chapter 35,Hero Organization,image_23.jpg
Chapter 40,High School Conquest: War Against the Bullies,image_24.jpg
Chapter 94,A Capable Maid,image_25.jpg
Chapter 51,The Witch and the Mercenary,image_26.jpg
Chapter 744,Magic Emperor,image_27.jpg
Chapter 39,Calamity Leveling,image_28.jpg
Chapter 84,Kyoukai Meikyuu to Ikai no Majutsushi,image_29.jpg
Chapter 161,Solo Bug Player,image_30.jpg
Chapter 22,The Demonic Cult Instructor Returns,image_31.jpg
Chapter 11,Don't Tell Me You Think Cultivating Immortality Is Difficult?,image_32.jpg
Chapter 60,Monster Eater,image_33.jpg
Chapter 9,0th correctional officer,image_34.jpg
Chapter 5,"Time Prison ~A Spirit Armament Wielder Who Returns by Death, Uses His Copy Ability to Become the Strongest~",image_35.jpg
Chapter 6,Assistant,image_36.jpg
Chapter 37,Demon King,image_37.jpg
Chapter 19,Grand Finale,image_38.jpg
Chapter 15.1,"Gomi Ika da to Tsuihousareta Shounin, Jitsu wa Zensei Kensha desu",image_39.jpg
Chapter 35.4,I Became a Legend a Decade Later After Telling My Comrades to Leave Everything to Me and Retreat First,image_40.jpg
Chapter 72,The Terminally Ill Young Master of the Baek Clan,image_41.jpg
Chapter 5,S-Class Butler,image_42.jpg
Chapter 12,Love Letter,image_43.jpg
Chapter 29,Rise of the Sect Master,image_44.jpg
Chapter 22,The Guild's Strongest Receptionist,image_45.jpg
Chapter 48,Asura (manhwa),image_46.jpg
Chapter 171,The Way That Knight Lives As a Lady,image_47.jpg
Chapter 32,The Genius Mage Who Uses His Fists,image_48.jpg
Chapter 82,Gatekeeper Of The Boundless World,image_49.jpg
Chapter 30,Is a Mother in Her 30s Like Me Alright?,image_50.jpg
Chapter 15.2,Seventh,image_51.jpg
Chapter 162,Slave of the Magic Capital's Elite Troops,image_52.jpg
Chapter 52,Snake Ancestor,image_53.jpg
Chapter 189,Astral Pet Store,image_54.jpg
Chapter 544,Starting From Today I'll Work As A City Lord,image_55.jpg
Chapter 26,Tyrant of the Otherworld Prison: My Shadow Can Evolve Infinitely,image_56.jpg
Chapter 6,Awakening the Purple Thunder at the Beginning,image_57.jpg
Chapter 71,Ore ga Watashi ni Naru made,image_58.jpg
Chapter 215,Return to Player,image_59.jpg
Chapter 110,Dead account,image_60.jpg
Chapter 248,Apex Future Martial Arts,image_61.jpg
Chapter 45,"It's voice phishing, but it's a life reversal",image_62.jpg
Chapter 35,Hero Organization,image_63.jpg
Chapter 40,High School Conquest: War Against the Bullies,image_64.jpg
Chapter 94,A Capable Maid,image_65.jpg
Chapter 51,The Witch and the Mercenary,image_66.jpg
Chapter 744,Magic Emperor,image_67.jpg
Chapter 39,Calamity Leveling,image_68.jpg
Chapter 84,Kyoukai Meikyuu to Ikai no Majutsushi,image_69.jpg
Chapter 161,Solo Bug Player,image_70.jpg
Chapter 22,The Demonic Cult Instructor Returns,image_71.jpg
Chapter 11,Don't Tell Me You Think Cultivating Immortality Is Difficult?,image_72.jpg
Chapter 60,Monster Eater,image_73.jpg
Chapter 9,0th correctional officer,image_74.jpg
Chapter 5,"Time Prison ~A Spirit Armament Wielder Who Returns by Death, Uses His Copy Ability to Become the Strongest~",image_75.jpg
Chapter 6,Assistant,image_76.jpg
Chapter 37,Demon King,image_77.jpg
Chapter 19,Grand Finale,image_78.jpg
Chapter 15.1,"Gomi Ika da to Tsuihousareta Shounin, Jitsu wa Zensei Kensha desu",image_79.jpg
Chapter 35.4,I Became a Legend a Decade Later After Telling My Comrades to Leave Everything to Me and Retreat First,image_80.jpg
Chapter 72,The Terminally Ill Young Master of the Baek Clan,image_81.jpg
Chapter 5,S-Class Butler,image_82.jpg
Chapter 12,Love Letter,image_83.jpg
Chapter 29,Rise of the Sect Master,image_84.jpg
Chapter 22,The Guild's Strongest Receptionist,image_85.jpg
Chapter 48,Asura (manhwa),image_86.jpg
Chapter 171,The Way That Knight Lives As a Lady,image_87.jpg
Chapter 32,The Genius Mage Who Uses His Fists,image_88.jpg
Chapter 82,Gatekeeper Of The Boundless World,image_89.jpg
Chapter 30,Is a Mother in Her 30s Like Me Alright?,image_90.jpg
Chapter 15.2,Seventh,image_91.jpg
Chapter 162,Slave of the Magic Capital's Elite Troops,image_92.jpg
Chapter 52,Snake Ancestor,image_93.jpg
Chapter 189,Astral Pet Store,image_94.jpg
Chapter 544,Starting From Today I'll Work As A City Lord,image_95.jpg
Chapter 26,Tyrant of the Otherworld Prison: My Shadow Can Evolve Infinitely,image_96.jpg
Chapter 6,Awakening the Purple Thunder at the Beginning,image_97.jpg
Chapter 71,Ore ga Watashi ni Naru made,image_98.jpg
Chapter 215,Return to Player,image_99.jpg
Chapter 110,Dead account,image_100.jpg
Chapter 248,Apex Future Martial Arts,image_101.jpg
Chapter 45,"It's voice phishing, but it's a life reversal",image_102.jpg
Chapter 35,Hero Organization,image_103.jpg
Chapter 40,High School Conquest: War Against the Bullies,image_104.jpg
Chapter 94,A Capable Maid,image_105.jpg
Chapter 51,The Witch and the Mercenary,image_106.jpg
Chapter 744,Magic Emperor,image_107.jpg
Chapter 39,Calamity Leveling,image_108.jpg
Chapter 84,Kyoukai Meikyuu to Ikai no Majutsushi,image_109.jpg
Chapter 161,Solo Bug Player,image_110.jpg
Chapter 22,The Demonic Cult Instructor Returns,image_111.jpg
Chapter 11,Don't Tell Me You Think Cultivating Immortality Is Difficult?,image_112.jpg
Chapter 60,Monster Eater,image_113.jpg
Chapter 9,0th correctional officer,image_114.jpg
Chapter 5,"Time Prison ~A Spirit Armament Wielder Who Returns by Death, Uses His Copy Ability to Become the Strongest~",image_115.jpg
Chapter 6,Assistant,image_116.jpg
Chapter 37,Demon King,image_117.jpg
Chapter 19,Grand Finale,image_118.jpg
Chapter 15.1,"Gomi Ika da to Tsuihousareta Shounin, Jitsu wa Zensei Kensha desu",image_119.jpg
Chapter 35.4,I Became a Legend a Decade Later After Telling My Comrades to Leave Everything to Me and Retreat First,image_120.jpg
Chapter 72,The Terminally Ill Young Master of the Baek Clan,image_121.jpg
Chapter 5,S-Class Butler,image_122.jpg
Chapter 12,Love Letter,image_123.jpg
Chapter 29,Rise of the Sect Master,image_124.jpg
Chapter 22,The Guild's Strongest Receptionist,image_125.jpg
Chapter 48,Asura (manhwa),image_126.jpg
Chapter 171,The Way That Knight Lives As a Lady,image_127.jpg
Chapter 32,The Genius Mage Who Uses His Fists,image_128.jpg
Chapter 82,Gatekeeper Of The Boundless World,image_129.jpg
Chapter 30,Is a Mother in Her 30s Like Me Alright?,image_130.jpg
Chapter 15.2,Seventh,image_131.jpg
Chapter 162,Slave of the Magic Capital's Elite Troops,image_132.jpg
Chapter 52,Snake Ancestor,image_133.jpg
Chapter 189,Astral Pet Store,image_134.jpg
Chapter 544,Starting From Today I'll Work As A City Lord,image_135.jpg
Chapter 26,Tyrant of the Otherworld Prison: My Shadow Can Evolve Infinitely,image_136.jpg
Chapter 6,Awakening the Purple Thunder at the Beginning,image_137.jpg
Chapter 71,Ore ga Watashi ni Naru made,image_138.jpg
Chapter 215,Return to Player,image_139.jpg
Chapter 110,Dead account,image_140.jpg
Chapter 248,Apex Future Martial Arts,image_141.jpg
Chapter 45,"It's voice phishing, but it's a life reversal",image_142.jpg
Chapter 35,Hero Organization,image_143.jpg
Chapter 40,High School Conquest: War Against the Bullies,image_144.jpg
Chapter 94,A Capable Maid,image_145.jpg
Chapter 51,The Witch and the Mercenary,image_146.jpg
Chapter 744,Magic Emperor,image_147.jpg
Chapter 39,Calamity Leveling,image_148.jpg
Chapter 84,Kyoukai Meikyuu to Ikai no Majutsushi,image_149.jpg
Chapter 161,Solo Bug Player,image_150.jpg
Chapter 22,The Demonic Cult Instructor Returns,image_151.jpg
Chapter 11,Don't Tell Me You Think Cultivating Immortality Is Difficult?,image_152.jpg
Chapter 60,Monster Eater,image_153.jpg
Chapter 9,0th correctional officer,image_154.jpg
Chapter 5,"Time Prison ~A Spirit Armament Wielder Who Returns by Death, Uses His Copy Ability to Become the Strongest~",image_155.jpg
Chapter 6,Assistant,image_156.jpg
Chapter 37,Demon King,image_157.jpg
Chapter 19,Grand Finale,image_158.jpg
Chapter 15.1,"Gomi Ika da to Tsuihousareta Shounin, Jitsu wa Zensei Kensha desu",image_159.jpg
Chapter 35.4,I Became a Legend a Decade Later After Telling My Comrades to Leave Everything to Me and Retreat First,image_160.jpg
Chapter 72,The Terminally Ill Young Master of the Baek Clan,image_161.jpg
Chapter 5,S-Class Butler,image_162.jpg
Chapter 12,Love Letter,image_163.jpg
Chapter 29,Rise of the Sect Master,image_164.jpg
Chapter 22,The Guild's Strongest Receptionist,image_165.jpg
Chapter 48,Asura (manhwa),image_166.jpg
Chapter 171,The Way That Knight Lives As a Lady,image_167.jpg
Chapter 32,The Genius Mage Who Uses His Fists,image_168.jpg
Chapter 82,Gatekeeper Of The Boundless World,image_169.jpg
Chapter 30,Is a Mother in Her 30s Like Me Alright?,image_170.jpg
Chapter 15.2,Seventh,image_171.jpg
Chapter 162,Slave of the Magic Capital's Elite Troops,image_172.jpg
Chapter 52,Snake Ancestor,image_173.jpg
Chapter 189,Astral Pet Store,image_174.jpg
Chapter 544,Starting From Today I'll Work As A City Lord,image_175.jpg
Chapter 26,Tyrant of the Otherworld Prison: My Shadow Can Evolve Infinitely,image_176.jpg
Chapter 6,Awakening the Purple Thunder at the Beginning,image_177.jpg
Chapter 71,Ore ga Watashi ni Naru made,image_178.jpg
Chapter 215,Return to Player,image_179.jpg
Chapter 110,Dead account,image_180.jpg
Chapter 248,Apex Future Martial Arts,image_181.jpg
Chapter 45,"It's voice phishing, but it's a life reversal",image_182.jpg
Chapter 35,Hero Organization,image_183.jpg
Chapter 40,High School Conquest: War Against the Bullies,image_184.jpg
Chapter 94,A Capable Maid,image_185.jpg
Chapter 51,The Witch and the Mercenary,image_186.jpg
Chapter 744,Magic Emperor,image_187.jpg
Chapter 39,Calamity Leveling,image_188.jpg
Chapter 84,Kyoukai Meikyuu to Ikai no Majutsushi,image_189.jpg
Chapter 161,Solo Bug Player,image_190.jpg
Chapter 22,The Demonic Cult Instructor Returns,image_191.jpg
Chapter 11,Don't Tell Me You Think Cultivating Immortality Is Difficult?,image_192.jpg
Chapter 60,Monster Eater,image_193.jpg
Chapter 9,0th correctional officer,image_194.jpg
Chapter 5,"Time Prison ~A Spirit Armament Wielder Who Returns by Death, Uses His Copy Ability to Become the Strongest~",image_195.jpg
Chapter 6,Assistant,image_196.jpg
Chapter 37,Demon King,image_197.jpg
Chapter 19,Grand Finale,image_198.jpg
Chapter 15.1,"Gomi Ika da to Tsuihousareta Shounin, Jitsu wa Zensei Kensha desu",image_199.jpg
Chapter 35.4,I Became a Legend a Decade Later After Telling My Comrades to Leave Everything to Me and Retreat First,image_200.jpg
Chapter 72,The Terminally Ill Young Master of the Baek Clan,image_201.jpg
Chapter 5,S-Class Butler,image_202.jpg
Chapter 12,Love Letter,image_203.jpg
Chapter 29,Rise of the Sect Master,image_204.jpg
Chapter 22,The Guild's Strongest Receptionist,image_205.jpg
Chapter 48,Asura (manhwa),image_206.jpg
Chapter 171,The Way That Knight Lives As a Lady,image_207.jpg
Chapter 32,The Genius Mage Who Uses His Fists,image_208.jpg
Chapter 82,Gatekeeper Of The Boundless World,image_209.jpg
Chapter 30,Is a Mother in Her 30s Like Me Alright?,image_210.jpg
Chapter 15.2,Seventh,image_211.jpg
Chapter 162,Slave of the Magic Capital's Elite Troops,image_212.jpg
Chapter 52,Snake Ancestor,image_213.jpg
Chapter 189,Astral Pet Store,image_214.jpg
Chapter 544,Starting From Today I'll Work As A City Lord,image_215.jpg
Chapter 26,Tyrant of the Otherworld Prison: My Shadow Can Evolve Infinitely,image_216.jpg
Chapter 6,Awakening the Purple Thunder at the Beginning,image_217.jpg
Chapter 71,Ore ga Watashi ni Naru made,image_218.jpg
Chapter 215,Return to Player,image_219.jpg
Chapter 110,Dead account,image_220.jpg
Chapter 248,Apex Future Martial Arts,image_221.jpg
Chapter 45,"It's voice phishing, but it's a life reversal",image_222.jpg
Chapter 35,Hero Organization,image_223.jpg
Chapter 40,High School Conquest: War Against the Bullies,image_224.jpg
Chapter 94,A Capable Maid,image_225.jpg
Chapter 51,The Witch and the Mercenary,image_226.jpg
Chapter 744,Magic Emperor,image_227.jpg
Chapter 39,Calamity Leveling,image_228.jpg
Chapter 84,Kyoukai Meikyuu to Ikai no Majutsushi,image_229.jpg
Chapter 161,Solo Bug Player,image_230.jpg
Chapter 22,The Demonic Cult Instructor Returns,image_231.jpg
Chapter 11,Don't Tell Me You Think Cultivating Immortality Is Difficult?,image_232.jpg
Chapter 60,Monster Eater,image_233.jpg
Chapter 9,0th correctional officer,image_234.jpg
Chapter 5,"Time Prison ~A Spirit Armament Wielder Who Returns by Death, Uses His Copy Ability to Become the Strongest~",image_235.jpg
Chapter 6,Assistant,image_236.jpg
Chapter 37,Demon King,image_237.jpg
Chapter 19,Grand Finale,image_238.jpg
Chapter 15.1,"Gomi Ika da to Tsuihousareta Shounin, Jitsu wa Zensei Kensha desu",image_239.jpg
Chapter 35.4,I Became a Legend a Decade Later After Telling My Comrades to Leave Everything to Me and Retreat First,image_240.jpg
Chapter 72,The Terminally Ill Young Master of the Baek Clan,image_241.jpg
Chapter 5,S-Class Butler,image_242.jpg
Chapter 12,Love Letter,image_243.jpg
Chapter 29,Rise of the Sect Master,image_244.jpg
Chapter 22,The Guild's Strongest Receptionist,image_245.jpg
Chapter 48,Asura (manhwa),image_246.jpg
Chapter 171,The Way That Knight Lives As a Lady,image_247.jpg
Chapter 32,The Genius Mage Who Uses His Fists,image_248.jpg
Chapter 82,Gatekeeper Of The Boundless World,image_249.jpg
Chapter 30,Is a Mother in Her 30s Like Me Alright?,image_250.jpg
Chapter 15.2,Seventh,image_251.jpg
Chapter 162,Slave of the Magic Capital's Elite Troops,image_252.jpg
Chapter 52,Snake Ancestor,image_253.jpg
Chapter 189,Astral Pet Store,image_254.jpg
Chapter 544,Starting From Today I'll Work As A City Lord,image_255.jpg
Chapter 26,Tyrant of the Otherworld Prison: My Shadow Can Evolve Infinitely,image_256.jpg
Chapter 6,Awakening the Purple Thunder at the Beginning,image_257.jpg
Chapter 71,Ore ga Watashi ni Naru made,image_258.jpg
Chapter 215,Return to Player,image_259.jpg
Chapter 110,Dead account,image_260.jpg
Chapter 248,Apex Future Martial Arts,image_261.jpg
Chapter 45,"It's voice phishing, but it's a life reversal",image_262.jpg
Chapter 35,Hero Organization,image_263.jpg
Chapter 40,High School Conquest: War Against the Bullies,image_264.jpg
Chapter 94,A Capable Maid,image_265.jpg
Chapter 51,The Witch and the Mercenary,image_266.jpg
Chapter 744,Magic Emperor,image_267.jpg
Chapter 39,Calamity Leveling,image_268.jpg
Chapter 84,Kyoukai Meikyuu to Ikai no Majutsushi,image_269.jpg
Chapter 161,Solo Bug Player,image_270.jpg
Chapter 22,The Demonic Cult Instructor Returns,image_271.jpg
Chapter 11,Don't Tell Me You Think Cultivating Immortality Is Difficult?,image_272.jpg
Chapter 60,Monster Eater,image_273.jpg
Chapter 9,0th correctional officer,image_274.jpg
Chapter 5,"Time Prison ~A Spirit Armament Wielder Who Returns by Death, Uses His Copy Ability to Become the Strongest~",image_275.jpg
Chapter 6,Assistant,image_276.jpg
Chapter 37,Demon King,image_277.jpg
Chapter 19,Grand Finale,image_278.jpg
Chapter 15.1,"Gomi Ika da to Tsuihousareta Shounin, Jitsu wa Zensei Kensha desu",image_279.jpg
Chapter 35.4,I Became a Legend a Decade Later After Telling My Comrades to Leave Everything to Me and Retreat First,image_280.jpg
Chapter 72,The Terminally Ill Young Master of the Baek Clan,image_281.jpg
Chapter 5,S-Class Butler,image_282.jpg
Chapter 12,Love Letter,image_283.jpg
Chapter 29,Rise of the Sect Master,image_284.jpg
Chapter 22,The Guild's Strongest Receptionist,image_285.jpg
Chapter 48,Asura (manhwa),image_286.jpg
Chapter 171,The Way That Knight Lives As a Lady,image_287.jpg
Chapter 32,The Genius Mage Who Uses His Fists,image_288.jpg
Chapter 82,Gatekeeper Of The Boundless World,image_289.jpg
Chapter 30,Is a Mother in Her 30s Like Me Alright?,image_290.jpg
Chapter 15.2,Seventh,image_291.jpg
Chapter 162,Slave of the Magic Capital's Elite Troops,image_292.jpg
Chapter 52,Snake Ancestor,image_293.jpg
Chapter 189,Astral Pet Store,image_294.jpg
Chapter 544,Starting From Today I'll Work As A City Lord,image_295.jpg
Chapter 26,Tyrant of the Otherworld Prison: My Shadow Can Evolve Infinitely,image_296.jpg
Chapter 6,Awakening the Purple Thunder at the Beginning,image_297.jpg
Chapter 71,Ore ga Watashi ni Naru made,image_298.jpg
Chapter 215,Return to Player,image_299.jpg
Chapter 110,Dead account,image_300.jpg
Chapter 248,Apex Future Martial Arts,image_301.jpg
Chapter 45,"It's voice phishing, but it's a life reversal",image_302.jpg
Chapter 35,Hero Organization,image_303.jpg
Chapter 40,High School Conquest: War Against the Bullies,image_304.jpg
Chapter 94,A Capable Maid,image_305.jpg
Chapter 51,The Witch and the Mercenary,image_306.jpg
Chapter 744,Magic Emperor,image_307.jpg
Chapter 39,Calamity Leveling,image_308.jpg
Chapter 84,Kyoukai Meikyuu to Ikai no Majutsushi,image_309.jpg
Chapter 161,Solo Bug Player,image_310.jpg
Chapter 22,The Demonic Cult Instructor Returns,image_311.jpg
Chapter 11,Don't Tell Me You Think Cultivating Immortality Is Difficult?,image_312.jpg
Chapter 60,Monster Eater,image_313.jpg
Chapter 9,0th correctional officer,image_314.jpg
Chapter 5,"Time Prison ~A Spirit Armament Wielder Who Returns by Death, Uses His Copy Ability to Become the Strongest~",image_315.jpg
Chapter 6,Assistant,image_316.jpg
Chapter 37,Demon King,image_317.jpg
Chapter 19,Grand Finale,image_318.jpg
Chapter 15.1,"Gomi Ika da to Tsuihousareta Shounin, Jitsu wa Zensei Kensha desu",image_319.jpg
Chapter 35.4,I Became a Legend a Decade Later After Telling My Comrades to Leave Everything to Me and Retreat First,image_320.jpg
Chapter 72,The Terminally Ill Young Master of the Baek Clan,image_321.jpg
Chapter 5,S-Class Butler,image_322.jpg
Chapter 12,Love Letter,image_323.jpg
Chapter 29,Rise of the Sect Master,image_324.jpg
Chapter 22,The Guild's Strongest Receptionist,image_325.jpg
Chapter 48,Asura (manhwa),image_326.jpg
Chapter 171,The Way That Knight Lives As a Lady,image_327.jpg
Chapter 32,The Genius Mage Who Uses His Fists,image_328.jpg
Chapter 82,Gatekeeper Of The Boundless World,image_329.jpg
Chapter 30,Is a Mother in Her 30s Like Me Alright?,image_330.jpg
Chapter 15.2,Seventh,image_331.jpg
Chapter 162,Slave of the Magic Capital's Elite Troops,image_332.jpg
Chapter 52,Snake Ancestor,image_333.jpg
Chapter 189,Astral Pet Store,image_334.jpg
Chapter 544,Starting From Today I'll Work As A City Lord,image_335.jpg
Chapter 26,Tyrant of the Otherworld Prison: My Shadow Can Evolve Infinitely,image_336.jpg
Chapter 6,Awakening the Purple Thunder at the Beginning,image_337.jpg
Chapter 71,Ore ga Watashi ni Naru made,image_338.jpg
Chapter 215,Return to Player,image_339.jpg
Chapter 110,Dead account,image_340.jpg
Chapter 248,Apex Future Martial Arts,image_341.jpg
Chapter 45,"It's voice phishing, but it's a life reversal",image_342.jpg
Chapter 35,Hero Organization,image_343.jpg
Chapter 40,High School Conquest: War Against the Bullies,image_344.jpg
Chapter 94,A Capable Maid,image_345.jpg
Chapter 51,The Witch and the Mercenary,image_346.jpg
Chapter 744,Magic Emperor,image_347.jpg
Chapter 39,Calamity Leveling,image_348.jpg
Chapter 84,Kyoukai Meikyuu to Ikai no Majutsushi,image_349.jpg
Chapter 161,Solo Bug Player,image_350.jpg
Chapter 22,The Demonic Cult Instructor Returns,image_351.jpg
Chapter 11,Don't Tell Me You Think Cultivating Immortality Is Difficult?,image_352.jpg
Chapter 60,Monster Eater,image_353.jpg
Chapter 9,0th correctional officer,image_354.jpg
Chapter 5,"Time Prison ~A Spirit Armament Wielder Who Returns by Death, Uses His Copy Ability to Become the Strongest~",image_355.jpg
Chapter 6,Assistant,image_356.jpg
Chapter 37,Demon King,image_357.jpg
Chapter 19,Grand Finale,image_358.jpg
Chapter 15.1,"Gomi Ika da to Tsuihousareta Shounin, Jitsu wa Zensei Kensha desu",image_359.jpg
Chapter 35.4,I Became a Legend a Decade Later After Telling My Comrades to Leave Everything to Me and Retreat First,image_360.jpg
Chapter 72,The Terminally Ill Young Master of the Baek Clan,image_361.jpg
Chapter 5,S-Class Butler,image_362.jpg
Chapter 12,Love Letter,image_363.jpg
Chapter 29,Rise of the Sect Master,image_364.jpg
Chapter 22,The Guild's Strongest Receptionist,image_365.jpg
Chapter 48,Asura (manhwa),image_366.jpg
Chapter 171,The Way That Knight Lives As a Lady,image_367.jpg
Chapter 32,The Genius Mage Who Uses His Fists,image_368.jpg
Chapter 82,Gatekeeper Of The Boundless World,image_369.jpg
Chapter 30,Is a Mother in Her 30s Like Me Alright?,image_370.jpg
Chapter 15.2,Seventh,image_371.jpg
Chapter 162,Slave of the Magic Capital's Elite Troops,image_372.jpg
Chapter 52,Snake Ancestor,image_373.jpg
Chapter 189,Astral Pet Store,image_374.jpg
Chapter 544,Starting From Today I'll Work As A City Lord,image_375.jpg
Chapter 26,Tyrant of the Otherworld Prison: My Shadow Can Evolve Infinitely,image_376.jpg
Chapter 6,Awakening the Purple Thunder at the Beginning,image_377.jpg
Chapter 71,Ore ga Watashi ni Naru made,image_378.jpg
Chapter 215,Return to Player,image_379.jpg
Chapter 110,Dead account,image_380.jpg
Chapter 248,Apex Future Martial Arts,image_381.jpg
Chapter 45,"It's voice phishing, but it's a life reversal",image_382.jpg
Chapter 35,Hero Organization,image_383.jpg
Chapter 40,High School Conquest: War Against the Bullies,image_384.jpg
Chapter 94,A Capable Maid,image_385.jpg
Chapter 51,The Witch and the Mercenary,image_386.jpg
Chapter 744,Magic Emperor,image_387.jpg
Chapter 39,Calamity Leveling,image_388.jpg
Chapter 84,Kyoukai Meikyuu to Ikai no Majutsushi,image_389.jpg
Chapter 161,Solo Bug Player,image_390.jpg
Chapter 22,The Demonic Cult Instructor Returns,image_391.jpg
Chapter 11,Don't Tell Me You Think Cultivating Immortality Is Difficult?,image_392.jpg
Chapter 60,Monster Eater,image_393.jpg
Chapter 9,0th correctional officer,image_394.jpg
Chapter 5,"Time Prison ~A Spirit Armament Wielder Who Returns by Death, Uses His Copy Ability to Become the Strongest~",image_395.jpg
Chapter 6,Assistant,image_396.jpg
Chapter 37,Demon King,image_397.jpg
Chapter 19,Grand Finale,image_398.jpg
Chapter 15.1,"Gomi Ika da to Tsuihousareta Shounin, Jitsu wa Zensei Kensha desu",image_399.jpg
Chapter 35.4,I Became a Legend a Decade Later After Telling My Comrades to Leave Everything to Me and Retreat First,image_400.jpg
